Date,Gold price / OZ,Silver price / OZ,Platinum price / OZ
1/2/1968,35.18,2.17,
1/30/1968,35.19,2.02,
2/1/1968,35.2,2,
3/1/1968,35.2,2.2,
4/1/1968,38,2.26,
4/30/1968,39.1,2.4,
5/1/1968,39.1,2.36,
5/30/1968,41.75,2.48,
6/4/1968,41.2,2.43,
7/1/1968,40.9,2.51,
7/30/1968,39.1,2.24,
8/1/1968,38.8,2.22,
8/30/1968,39.85,2.24,
9/3/1968,39.98,2.24,
9/30/1968,39.7,2.17,
10/1/1968,39.6,2.14,
10/30/1968,39.3,1.96,
11/1/1968,38.9,1.9,
12/2/1968,39.9,1.94,
12/30/1968,42,1.97,
1/2/1969,41.8,1.96,
1/30/1969,42.55,2,
2/3/1969,42.5,1.99,
3/3/1969,42.75,1.82,
3/31/1969,43.1,1.82,
4/1/1969,43.1,1.81,
4/30/1969,43.6,1.78,
5/1/1969,43.6,1.78,
5/30/1969,43.15,1.77,
6/2/1969,42.95,1.77,
6/30/1969,41.23,1.56,
7/1/1969,41.1,1.6,
7/30/1969,41.49,1.62,
8/1/1969,41.39,1.61,
9/2/1969,40.79,1.69,
9/30/1969,40.65,1.88,
10/1/1969,40.75,1.86,
10/30/1969,39.98,1.93,
11/3/1969,39.58,2,
12/1/1969,35.52,1.91,
12/30/1969,35.23,1.8,
1/2/1970,35.12,1.8,
1/16/1970,34.75,,
1/30/1970,34.98,1.91,
2/2/1970,34.95,1.89,
3/2/1970,35,1.89,
3/31/1970,35.3,1.88,
4/1/1970,35.33,1.88,
4/30/1970,35.85,1.72,
5/1/1970,35.85,1.73,
6/1/1970,35.45,1.65,
6/30/1970,35.51,1.61,
7/1/1970,35.5,1.62,
7/30/1970,35.3,1.77,
8/3/1970,35.3,1.78,
9/1/1970,35.85,1.85,
9/30/1970,36.24,1.7,
10/1/1970,36.42,1.72,
10/30/1970,37.4,1.78,
11/2/1970,37.7,1.8,
11/30/1970,37.6,1.65,
12/1/1970,37.35,1.61,
12/30/1970,37.38,1.64,
1/4/1971,37.33,1.65,
2/1/1971,38.1,1.59,
3/1/1971,38.75,1.6,
3/30/1971,38.75,1.69,
4/1/1971,38.95,1.71,
4/30/1971,39.6,1.69,
5/3/1971,39.42,1.68,
6/1/1971,40.85,1.61,
6/30/1971,40.2,1.58,
7/1/1971,40.1,1.6,
7/30/1971,42.48,1.59,
8/2/1971,42.48,1.58,
8/31/1971,41,1.5,
9/1/1971,40.7,1.48,
9/30/1971,42.48,1.38,
10/1/1971,42.17,1.38,
11/1/1971,42.12,1.29,
11/2/1971,,1.27,
11/30/1971,43.55,1.33,
12/1/1971,43.5,1.32,
12/30/1971,43.5,1.38,
1/3/1972,43.73,1.37,
1/31/1972,46.95,1.5,
2/1/1972,47.49,1.53,
3/1/1972,47.8,1.48,
3/30/1972,48.38,1.56,
4/4/1972,48.4,1.6,
5/1/1972,50.2,1.6,
5/30/1972,58.7,1.57,
6/1/1972,58.8,1.54,
6/30/1972,64.1,1.56,
7/3/1972,64.25,1.56,
7/31/1972,68.9,1.83,
8/1/1972,68.8,1.79,
8/30/1972,66.8,1.9,
9/1/1972,66.8,1.9,
10/2/1972,64.1,1.74,
10/30/1972,64.5,1.82,
11/1/1972,63.8,1.83,
11/30/1972,63.6,1.85,
12/1/1972,63.9,1.87,
1/2/1973,64.99,2.04,
1/30/1973,66.2,1.98,
2/1/1973,66.4,2.03,
3/1/1973,86,2.49,
3/30/1973,90.25,2.2,
4/2/1973,89.25,2.17,
4/30/1973,90.7,2.15,
5/1/1973,90.7,2.15,
5/30/1973,111.5,2.54,
6/1/1973,117,2.61,
7/2/1973,123,2.7,
7/30/1973,114,2.77,
8/1/1973,117,2.92,
8/30/1973,105.75,2.63,
9/3/1973,105.5,2.61,
10/1/1973,98.5,2.71,
10/30/1973,97,2.83,
11/1/1973,97.25,2.84,
11/30/1973,100.25,2.92,
12/3/1973,100,2.92,
12/31/1973,112.25,3.26,
1/2/1974,114.75,3.28,
1/30/1974,135.7,3.91,
2/1/1974,132,4.04,
3/1/1974,172.4,5.73,
4/1/1974,173,5.32,
4/30/1974,168.5,5.62,
5/1/1974,169.9,5.4,
5/30/1974,161,5.08,
6/3/1974,156.5,4.74,
7/1/1974,144.5,4.69,
7/30/1974,160.5,5.03,
8/1/1974,157.5,4.95,
8/30/1974,155.25,4.12,
9/2/1974,158,4.23,
9/30/1974,147.5,4.24,
10/1/1974,153.5,4.43,
10/30/1974,167.9,5.07,
11/1/1974,168.75,4.89,
12/2/1974,185.5,4.61,
12/30/1974,197.5,4.75,
1/2/1975,185,4.44,
1/30/1975,178,4.32,
2/3/1975,177.25,4.13,
3/3/1975,181.6,4.5,
4/1/1975,177.25,4.28,
4/30/1975,167.4,4.43,
5/1/1975,166.25,4.3,
5/30/1975,167.75,4.53,
6/2/1975,163.25,4.43,
6/30/1975,166,4.57,
7/1/1975,167,4.58,
7/30/1975,166.2,5.14,
8/1/1975,166.5,5,
9/1/1975,154.25,4.53,
9/30/1975,138.25,4.44,
10/1/1975,143.75,4.5,
10/30/1975,144,4.24,
11/3/1975,143,4.2,
12/1/1975,138.15,4.12,
12/30/1975,141,4.17,
1/2/1976,140.35,4.16,
1/30/1976,128,4.01,
2/2/1976,128.4,3.99,
3/1/1976,132.45,4.19,
3/30/1976,128.6,4.03,
4/1/1976,129.15,4.12,
4/30/1976,128.15,4.43,
5/3/1976,128.25,4.41,
6/1/1976,126.05,4.68,
6/30/1976,123.8,4.83,
7/1/1976,123.25,4.82,
7/30/1976,112.4,4.54,
8/2/1976,111.5,4.47,
8/31/1976,103.05,4.11,
9/1/1976,104,4.09,
9/30/1976,116.1,4.39,
10/1/1976,116.25,4.36,
11/1/1976,122,4.3,
11/30/1976,130.1,4.28,
12/1/1976,130.5,4.24,
12/30/1976,134.65,4.37,
1/4/1977,136.1,4.43,
1/31/1977,132.1,4.45,
2/1/1977,132.85,4.47,
3/1/1977,142.1,4.72,
3/30/1977,148.9,4.83,
4/1/1977,148.25,4.84,
5/2/1977,147.5,4.77,
5/30/1977,144,4.57,
6/1/1977,143.75,4.58,
6/30/1977,142.95,4.51,
7/1/1977,143.05,4.52,
8/1/1977,144.8,4.51,
8/30/1977,145.65,4.42,
9/1/1977,145.6,4.47,
9/30/1977,153.9,4.64,
10/3/1977,155.1,4.66,
10/31/1977,160.8,4.85,
11/1/1977,162.55,4.88,
11/30/1977,159.8,4.74,
12/1/1977,160.1,4.78,
12/30/1977,165.6,4.76,
1/3/1978,168.6,4.87,
1/30/1978,175.9,4.96,
2/1/1978,176.6,5,
3/1/1978,183.8,5.01,
3/30/1978,179.4,5.29,
4/3/1978,182.75,5.42,
5/2/1978,169.15,4.98,
5/30/1978,181.7,5.36,
6/1/1978,183.25,5.4,
6/30/1978,183.2,5.28,
7/3/1978,183,5.27,
7/31/1978,198.9,5.57,
8/1/1978,207.5,5.72,
8/30/1978,206.6,5.53,
9/1/1978,208.1,5.52,
10/2/1978,217,5.67,
10/30/1978,241.3,6.25,
11/1/1978,238.65,6.13,
11/30/1978,193.7,5.91,
12/1/1978,194.05,5.95,
1/2/1979,227.15,6.08,
1/30/1979,233.65,6.6,
2/1/1979,232.4,6.64,
3/1/1979,249.3,7.62,
3/30/1979,239.65,7.45,
4/2/1979,240.05,7.46,
4/30/1979,243.45,7.65,
5/1/1979,247.7,8.02,
5/30/1979,272.6,8.67,
6/1/1979,276.7,8.63,
7/2/1979,282.2,8.7,
7/30/1979,304.65,9.33,
8/1/1979,290.95,9.1,
8/30/1979,318.65,10.39,
9/3/1979,319.3,10.9,
10/1/1979,399.5,17.09,
10/30/1979,376,16.01,
11/1/1979,379.7,16.32,
11/30/1979,417.2,19,
12/3/1979,428,19.88,
12/31/1979,524,32.2,
1/2/1980,559,39.95,
1/18/1980,,49.45,
1/30/1980,703.5,37.35,
2/1/1980,675,35.31,
3/3/1980,637,34.75,
3/31/1980,503.25,13.49,
4/1/1980,501.5,16.99,
4/30/1980,519.25,13.83,
5/1/1980,507.75,12,
5/30/1980,531.4,13.7,
6/2/1980,563,14.65,
6/30/1980,662.5,16.75,
7/1/1980,656,17.1,
7/30/1980,636.5,16.28,
8/1/1980,622,15.61,
9/1/1980,626.25,15.99,
9/30/1980,670,20.5,
10/1/1980,679.25,21.75,
10/30/1980,643.5,19.45,
11/3/1980,634.3,18.83,
12/1/1980,635.5,18.9,
12/30/1980,587,15.59,
1/5/1981,592,15.8,
1/30/1981,507.5,13.15,
2/2/1981,493.25,12.86,
3/2/1981,474.5,11.6,
3/30/1981,529.5,12.53,
4/1/1981,516.75,12.03,
4/30/1981,481,11.06,
5/1/1981,484.75,11.13,
6/1/1981,481.25,10.67,
6/30/1981,421.5,8.3,
7/1/1981,421.25,8.45,
7/30/1981,402.25,8.41,
8/3/1981,392.5,8.24,
9/1/1981,422.5,9.15,
9/30/1981,426.5,8.95,
10/1/1981,435.25,9.32,
10/30/1981,429,9.12,
11/2/1981,431,9.17,
11/30/1981,415.5,8.27,
12/1/1981,405,8.07,
12/30/1981,397.25,8.05,
1/4/1982,399,8.06,
2/1/1982,381.25,8.12,
3/1/1982,358.75,7.74,
3/30/1982,325.75,7.08,
4/1/1982,325.5,7.11,
4/30/1982,356.75,7.06,
5/4/1982,343.5,6.9,
6/1/1982,319,6.1,
6/30/1982,314,5.73,
7/1/1982,311.75,5.71,
7/30/1982,342.5,6.64,
8/2/1982,352.12,6.89,
8/31/1982,409.6,7.73,
9/1/1982,404.25,7.69,
9/30/1982,394.75,8.19,
10/1/1982,397.75,8.23,
11/1/1982,426.75,10.18,
11/30/1982,428.25,9.54,
12/1/1982,440,10.14,
12/30/1982,457.25,11.06,
1/4/1983,452.75,11.06,
1/31/1983,503,13.82,
2/1/1983,508.5,14.3,
3/1/1983,414.5,10.68,
3/30/1983,417.25,10.65,
4/5/1983,425.75,10.98,
5/3/1983,431,12.12,
5/31/1983,439,13.54,
6/1/1983,416.25,12.74,
6/30/1983,416.75,11.6,
7/1/1983,416.75,11.56,
8/1/1983,413.25,11.8,
8/30/1983,418.85,12.27,
9/1/1983,415.8,12.16,
9/30/1983,404,11.24,
10/3/1983,393.5,10.4,
10/31/1983,383.5,8.74,
11/1/1983,376,8.37,
11/30/1983,405.75,9.81,
12/1/1983,398.5,9.58,
12/30/1983,381.5,8.91,
1/3/1984,384,8.96,
1/30/1984,369.25,8.28,
2/1/1984,377.25,8.7,
3/1/1984,395.25,9.62,
3/30/1984,388.5,9.65,
4/2/1984,387.25,9.74,
4/30/1984,376.2,8.96,
5/1/1984,376.4,8.93,
5/30/1984,384.75,9.16,
6/1/1984,389.4,9.36,
7/2/1984,370.45,8.3,
7/30/1984,339.15,6.92,
8/1/1984,337.35,7.02,
8/30/1984,348.75,7.56,
9/3/1984,346.2,7.32,
10/1/1984,344.75,7.45,
10/30/1984,335.65,7.2,
11/1/1984,333.85,7.18,
11/30/1984,328.6,7.05,
12/3/1984,327.7,7,
12/31/1984,309,6.29,
1/2/1985,306.25,6.25,
1/30/1985,303,6.17,
2/1/1985,304.8,6.3,
3/1/1985,288.1,5.6,
4/1/1985,324.65,6.52,
4/30/1985,324.65,6.32,
5/1/1985,315.6,6.15,
5/30/1985,315,6.16,
6/3/1985,316.85,6.21,
7/1/1985,315.35,6.1,
7/30/1985,323.25,6.26,
8/1/1985,326.75,6.25,
8/30/1985,335.75,6.25,
9/2/1985,335.45,6.22,
9/30/1985,326.5,6.05,
10/1/1985,323.15,6,
10/30/1985,326.8,6.14,
11/1/1985,324.65,6.07,
12/2/1985,323.95,6.1,
12/30/1985,326.15,5.87,
1/2/1986,327.1,5.81,
1/30/1986,355.4,6.17,
2/3/1986,347.35,6.04,
3/3/1986,339.45,5.65,
4/1/1986,333.7,5.18,
4/30/1986,344.75,5.11,
5/1/1986,345.6,5.11,
5/30/1986,343.35,5.2,
6/2/1986,343,5.2,
6/30/1986,345.5,5.04,
7/1/1986,345.65,5.1,
7/30/1986,351.35,4.98,
8/1/1986,360.5,5.05,
9/1/1986,392,5.2,
9/30/1986,421.2,5.52,
10/1/1986,425.5,5.57,
10/30/1986,404,5.6,
11/3/1986,400.3,5.62,
12/1/1986,399.6,5.5,
12/30/1986,389.4,5.28,
1/2/1987,402.4,5.36,
1/30/1987,407.3,5.55,
2/2/1987,406.45,5.53,
3/2/1987,404.4,5.43,
3/30/1987,421.8,6.23,
4/1/1987,418.5,6.26,
4/30/1987,454.5,8.12,
5/1/1987,452.15,7.94,
6/1/1987,443.4,7.34,
6/30/1987,447.1,7.14,
7/1/1987,449.5,7.3,
7/30/1987,457.2,8.01,
8/3/1987,473.25,8.6,
9/1/1987,453.1,7.45,
9/30/1987,459.15,7.64,
10/1/1987,454.1,7.55,
10/30/1987,468,6.88,
11/2/1987,469.95,7,
11/30/1987,493.9,7.25,
12/1/1987,486.9,6.99,
12/30/1987,486.9,6.7,
1/4/1988,484.1,6.64,
2/1/1988,454.65,6.54,
3/1/1988,429.15,6.21,
3/30/1988,454,6.69,
4/5/1988,456,6.73,
5/3/1988,444.3,6.36,
5/31/1988,454,6.6,
6/1/1988,457,6.71,
6/30/1988,436.85,6.65,
7/1/1988,436.5,6.69,
8/1/1988,436.4,6.86,
8/30/1988,429.4,6.51,
9/1/1988,430.3,6.55,
9/30/1988,396.15,6.17,
10/3/1988,394.2,6.12,
10/31/1988,412.3,6.31,
11/1/1988,411,6.28,
11/30/1988,421.3,6.07,
12/1/1988,425.5,6.16,
12/30/1988,410.15,6.05,
1/3/1989,413.6,6.07,
1/30/1989,394.3,5.87,
2/1/1989,392,5.82,
3/1/1989,386.1,5.84,
3/30/1989,384,5.82,
4/3/1989,385.3,5.79,
5/2/1989,376.9,5.65,
5/30/1989,362.1,5.22,
6/1/1989,360.8,5.16,
6/30/1989,371.15,5.17,
7/3/1989,375.4,5.19,
7/31/1989,369.1,5.15,
8/1/1989,369.95,5.25,
8/30/1989,361.2,5.13,
9/1/1989,358.25,5.05,
10/2/1989,366.45,5.23,
10/30/1989,378.5,5.25,
11/1/1989,373.6,5.17,
11/30/1989,406.8,5.57,
12/1/1989,414.15,5.71,
1/2/1990,401.65,5.21,
1/30/1990,417.8,5.2,
2/1/1990,413.25,5.21,
3/1/1990,406.25,5.14,
3/30/1990,372.2,4.97,
4/2/1990,368,4.94,471
4/30/1990,371.55,4.94,472.25
5/1/1990,368.95,4.95,473.25
5/30/1990,365.7,5.13,496.5
6/1/1990,363.1,5.07,490
7/2/1990,357.1,4.91,487
7/30/1990,367.8,4.83,475.85
8/1/1990,371.1,4.81,485.15
8/30/1990,385.8,4.84,484.5
9/3/1990,387.5,4.85,487
10/1/1990,400,4.79,430
10/30/1990,373.35,4.14,418.25
11/1/1990,380.1,4.18,435.75
11/30/1990,384.8,4.09,425.1
12/3/1990,381.75,4.13,429.25
12/31/1990,391,4.19,415
1/2/1991,392.5,4.16,416.25
1/30/1991,369.75,3.81,386.5
2/1/1991,367.95,3.88,394.75
3/1/1991,367.45,3.76,401.75
4/2/1991,357.9,3.94,394.5
4/30/1991,353.45,3.93,391
5/1/1991,356.25,3.97,394.25
5/30/1991,360.8,4.12,369.5
6/3/1991,361.5,4.16,376.3
7/1/1991,368.65,4.45,379.85
7/30/1991,362.3,4.05,358.5
8/1/1991,364.3,4.05,363.5
8/30/1991,347,3.82,335.25
9/2/1991,347.6,3.83,338.5
9/30/1991,350.5,4.14,350.9
10/1/1991,353,4.15,354
10/30/1991,359.8,4.11,363
11/1/1991,357.5,4.1,362
12/2/1991,368.25,4.09,369.5
12/30/1991,353.3,3.86,330
1/2/1992,351.2,3.87,336.5
1/30/1992,356.5,4.24,353
2/3/1992,357.1,4.18,357
3/2/1992,350.55,4.1,358.5
3/30/1992,342.75,4.15,353.25
4/1/1992,343.75,4.15,360.25
4/30/1992,336.25,3.98,344.75
5/1/1992,337.1,4.01,347.75
6/1/1992,336.8,4.03,367.25
6/30/1992,343.4,4.03,378.5
7/1/1992,343.6,4.05,380
7/30/1992,356.75,3.92,374.6
8/3/1992,357.3,3.94,380
9/1/1992,342.65,3.75,361.75
9/30/1992,349,3.77,367.5
10/1/1992,347.6,3.75,366.5
10/30/1992,338.8,3.76,353.5
11/2/1992,339.3,3.76,354.5
11/30/1992,333.7,3.73,357.55
12/1/1992,334.6,3.76,362.75
12/30/1992,332.3,3.66,356.5
1/4/1993,329.4,3.66,352.7
2/1/1993,329.5,3.66,361
3/1/1993,328.4,3.58,346.4
3/30/1993,333.2,3.78,358.25
4/1/1993,337,3.86,362.25
4/30/1993,353.45,4.3,386.5
5/4/1993,353.4,4.27,379
6/1/1993,378.25,4.62,398
6/30/1993,379,4.58,385.7
7/1/1993,377.85,4.55,385.5
7/30/1993,403.7,5.3,414.5
8/2/1993,406.7,5.42,418.65
8/31/1993,370.6,4.84,383.25
9/1/1993,371.8,4.83,381.5
9/30/1993,352.65,4.03,357.75
10/1/1993,353.9,4.06,358.75
11/1/1993,367.95,4.28,369.5
11/30/1993,370.8,4.47,367.35
12/1/1993,370.1,4.43,366.75
12/30/1993,391.5,5.11,392
1/4/1994,395,5.28,399.5
1/31/1994,378.2,5.06,381.6
2/1/1994,382.1,5.12,388
3/1/1994,381.1,5.33,394.4
3/30/1994,386.75,5.61,408
4/5/1994,387.4,5.64,412.65
5/3/1994,375.7,5.29,401
5/31/1994,386.25,5.5,398.75
6/1/1994,387.25,5.54,402.25
6/30/1994,385.4,5.25,400.25
7/1/1994,386.8,5.36,405
8/1/1994,384,5.33,422.5
8/30/1994,386.15,5.38,413.5
9/1/1994,386,5.4,413
9/30/1994,395.35,5.62,419.25
10/3/1994,393.45,5.52,416
10/31/1994,387.4,5.34,421.4
11/1/1994,383.45,5.22,414
11/30/1994,383.35,5.08,409.6
12/1/1994,381.2,4.92,403.75
12/30/1994,382.5,4.85,416.5
1/3/1995,381.4,4.84,416
1/30/1995,375.9,4.68,413.6
2/1/1995,376.25,4.68,415.5
3/1/1995,376.3,4.47,409
3/30/1995,382.1,4.76,418.35
4/3/1995,392.25,5.3,440
5/1/1995,386.5,5.7,442.75
5/30/1995,386.1,5.46,437
6/1/1995,383.2,5.26,431.5
6/30/1995,387.6,5.33,439.75
7/3/1995,384.35,5.08,434
7/31/1995,383.35,5.1,425.75
8/1/1995,381.75,5.03,418.75
8/30/1995,381.9,5.46,428.75
9/1/1995,381.8,5.34,429.25
10/2/1995,383.1,5.42,420.25
10/30/1995,382.05,5.33,406.5
11/1/1995,382.5,5.33,409
11/30/1995,387.85,5.18,413.25
12/1/1995,387.15,5.22,413.5
1/2/1996,387.1,5.16,400.75
1/30/1996,406.7,5.58,421
2/1/1996,406.6,5.6,422.5
3/1/1996,400.3,5.52,412.75
4/1/1996,395,5.52,406.5
4/30/1996,390.15,5.28,400.5
5/1/1996,391,5.32,400.5
5/30/1996,391.55,5.34,399.75
6/3/1996,390.8,5.38,401
7/1/1996,380.6,5.05,390.5
7/30/1996,384.9,5.07,398.5
8/1/1996,386.65,5.15,403.5
8/30/1996,387.25,5.2,397
9/2/1996,386.9,5.18,395.5
9/30/1996,379.3,4.88,383.5
10/1/1996,377.05,4.85,381.5
10/30/1996,380.3,4.83,380.5
11/1/1996,377.2,4.8,379.75
12/2/1996,370.5,4.73,373.75
12/30/1996,369.6,4.88,370.25
1/2/1997,367.8,4.77,369.5
1/30/1997,349.3,4.88,353
2/3/1997,343.75,4.88,350.25
3/3/1997,361.8,5.31,390.5
4/1/1997,349.85,5.04,369.5
4/30/1997,340.45,4.66,374.25
5/1/1997,339.55,4.68,372.25
5/30/1997,345.75,4.86,410
6/2/1997,344,4.73,405.5
6/30/1997,334.05,4.72,423
7/1/1997,333.6,4.64,434
7/30/1997,326.4,4.36,426
8/1/1997,325.3,4.47,436.5
9/1/1997,324.4,4.66,410
9/30/1997,328.75,5.17,432.75
10/1/1997,336.8,5.18,435
10/30/1997,314,4.81,400.5
11/3/1997,313.5,4.78,407
12/1/1997,293.35,5.24,384
12/30/1997,290.9,6.2,363
1/2/1998,287.7,5.94,366
1/30/1998,301.8,6.05,388
2/2/1998,302,6.25,389
3/2/1998,299.75,6.6,387
3/30/1998,302.2,6.35,407
4/1/1998,301.6,6.46,409
4/30/1998,310.7,6.22,404
5/1/1998,306.1,6.17,397.5
6/1/1998,292.35,5.14,368
6/30/1998,295.75,5.36,352
7/1/1998,297.1,5.52,360
7/30/1998,289.15,5.54,378
8/3/1998,286.65,5.41,374
9/1/1998,277.7,4.73,362
9/30/1998,294.1,5.38,349
10/1/1998,299,5.36,353
10/30/1998,293.1,5.06,336
11/2/1998,292.75,5.04,336
11/30/1998,295.75,4.92,353
12/1/1998,293.35,4.88,351.5
12/30/1998,286.8,5.03,360
1/4/1999,288.25,5,362.5
2/1/1999,287.1,5.28,347
3/1/1999,287.05,5.62,378
3/30/1999,280.05,5.12,363
4/1/1999,280.5,5.01,361.5
4/30/1999,285.85,5.44,350
5/4/1999,285.6,5.32,349
6/1/1999,265.5,4.88,360
6/30/1999,261.2,5.22,348
7/1/1999,263,5.31,352.5
7/30/1999,256.75,5.45,346
8/2/1999,255.35,5.36,344
8/31/1999,254.6,5.08,349
9/1/1999,255.45,5.2,349
9/30/1999,303.75,5.58,401
10/1/1999,303,5.67,410
11/1/1999,293.85,5.2,419
11/30/1999,292,5.18,435
12/1/1999,291.4,5.19,442
12/30/1999,290.85,5.33,448
1/4/2000,282.05,5.3,442
1/31/2000,283.05,5.26,495
2/1/2000,283.65,5.24,493
3/1/2000,293.75,5.12,477
3/30/2000,276.7,4.94,477
4/3/2000,278.8,5.04,508
5/2/2000,275,5,532
5/30/2000,274.4,4.94,550
6/1/2000,272.8,4.89,552
6/30/2000,289.15,5.02,565
7/3/2000,288.05,5,555
7/31/2000,277.4,4.95,570
8/1/2000,277.3,4.98,588
8/30/2000,272.6,4.89,595
9/1/2000,276.6,4.94,590
10/2/2000,274.3,4.88,573
10/30/2000,265.65,4.76,576
11/1/2000,266,4.75,586
11/30/2000,267,4.63,604
12/1/2000,271.2,4.68,606
1/2/2001,272.8,4.59,610
1/30/2001,263.4,4.8,604
2/1/2001,266.85,4.8,602.5
3/1/2001,266.7,4.51,609
3/30/2001,259.05,4.33,564
4/2/2001,257.55,4.3,558
4/30/2001,263.45,4.36,596
5/1/2001,263.8,4.34,600
5/30/2001,273.65,4.51,618
6/1/2001,265.65,4.39,596
7/2/2001,269.1,4.3,560
7/30/2001,266.4,4.22,498
8/1/2001,267.7,4.24,470
8/30/2001,273.4,4.2,449
9/3/2001,273.55,4.2,442
10/1/2001,291.65,4.58,424
10/30/2001,280.2,4.29,430
11/1/2001,279.45,4.24,419.5
11/30/2001,274.7,4.14,441
12/3/2001,275.25,4.18,453
12/31/2001,276.5,4.52,477
1/2/2002,278.1,4.59,481
1/30/2002,280.95,4.3,457
2/1/2002,282,4.25,449
3/1/2002,295.8,4.5,486
4/2/2002,302.65,4.66,537
4/30/2002,309.35,4.6,537
5/1/2002,308.3,4.54,523
5/30/2002,324.65,4.9,547
6/5/2002,324.5,5.05,552
7/1/2002,312.3,4.8,532
7/30/2002,304.45,4.66,527
8/1/2002,300.65,4.54,522
8/30/2002,312.4,4.57,568
9/2/2002,312.25,4.47,563
9/30/2002,322.4,4.53,563.5
10/1/2002,322.6,4.52,567
10/30/2002,316.8,4.48,590
11/1/2002,318.75,4.54,578
12/2/2002,317.3,4.43,592
12/30/2002,348.5,4.72,598
1/2/2003,342.2,4.74,600
1/30/2003,363,4.78,671
2/3/2003,369,4.84,690
3/3/2003,348.45,4.61,683
3/31/2003,335.35,4.46,645
4/1/2003,335.65,4.44,642
4/30/2003,336,4.61,606
5/1/2003,338.95,4.66,606
5/30/2003,365.8,4.56,643
6/2/2003,361.3,4.5,638
6/30/2003,345.15,4.5,665
7/1/2003,348.55,4.56,671
7/30/2003,359.1,5.1,693
8/1/2003,353.05,5.12,677
9/1/2003,376.35,5.16,707
9/30/2003,384.5,5.12,708
10/1/2003,385,5.12,712
10/30/2003,391,5.18,759
11/3/2003,383.25,5.06,738
12/1/2003,398.75,5.36,770
12/30/2003,415.6,5.91,812
1/2/2004,415.2,5.98,815
1/30/2004,401.3,6.22,829
2/2/2004,401.85,6.2,832
3/1/2004,398.5,6.73,894
3/30/2004,419.15,7.61,888
4/1/2004,425.3,7.94,910
4/30/2004,387.3,5.95,798
5/4/2004,389.75,6.1,816
6/1/2004,395.85,6.17,844
6/30/2004,393.75,5.91,790
7/1/2004,394.5,5.88,783
7/30/2004,389.6,6.42,816
8/2/2004,393.25,6.64,827
8/31/2004,408.1,6.74,866
9/1/2004,408,6.73,866
9/30/2004,412.35,6.66,850
10/1/2004,418.15,6.84,863
11/1/2004,428.1,7.24,834
11/30/2004,452,7.76,865
12/1/2004,451.1,7.72,866
12/30/2004,435.15,6.77,859.5
1/4/2005,426.8,6.39,848
1/31/2005,423.8,6.72,871
2/1/2005,421.15,6.7,881
3/1/2005,434.65,7.26,866
3/30/2005,426.5,6.96,860.5
4/1/2005,427.45,7.1,862.5
5/3/2005,429.2,6.85,867
5/31/2005,416.9,7.13,863
6/1/2005,416.1,7.38,867
6/30/2005,436.8,7.1,885
7/1/2005,434.2,7.02,880
8/1/2005,431.35,7.25,901
8/30/2005,436.15,6.76,895
9/1/2005,435.5,6.86,893
9/30/2005,473.4,7.53,929
10/3/2005,465,7.38,924
10/31/2005,472.65,7.76,939
11/1/2005,465.55,7.54,930
11/30/2005,493.8,8.21,980
12/1/2005,494.4,8.32,985
12/30/2005,513,8.83,964
1/3/2006,520.75,9.04,982
1/30/2006,560.3,9.65,1065
2/1/2006,567.2,9.77,1070
3/1/2006,562.6,9.8,1046
3/30/2006,578.5,11.45,1082
4/3/2006,585.5,11.58,1075
5/2/2006,657.75,13.92,1164
5/30/2006,652.25,12.9,1292
6/1/2006,633.25,12.05,1244
6/30/2006,600.4,10.7,1212
7/3/2006,619.5,11.28,1243
7/31/2006,637,11.44,1227
8/1/2006,635.5,11.36,1227
8/30/2006,614.7,12.22,1227
9/1/2006,624,12.75,1244
10/2/2006,602,11.58,1150
10/30/2006,604.75,12.13,1088
11/1/2006,611.25,12.36,1086
11/30/2006,638.4,13.68,1160
12/1/2006,644.4,13.85,1175
1/2/2007,640.75,13.01,1136
1/30/2007,642.25,13.15,1162
2/1/2007,652.55,13.58,1183
3/1/2007,673.6,14.29,1243
3/30/2007,663.5,13.35,1246
4/2/2007,663.3,13.34,1241
4/30/2007,678,13.5,1281
5/1/2007,677.5,13.45,1288
5/30/2007,657.1,13.11,1264
6/1/2007,662.5,13.53,1287
7/2/2007,650.5,12.47,1272
7/30/2007,661.5,12.73,1280
8/1/2007,660.25,12.77,1275
8/30/2007,666.3,11.86,1263
9/3/2007,672.75,12.1,1271
10/1/2007,745.25,13.78,1382
10/30/2007,784,14.18,1446
11/1/2007,792,14.36,1448
11/30/2007,794.75,14.23,1443
12/3/2007,783.75,13.86,1450
12/31/2007,836.5,14.76,1529
1/2/2008,840.75,14.93,1530
1/30/2008,923.75,16.76,1686
2/1/2008,933,17.19,1741
3/3/2008,978.25,20.16,2162
3/4/2008,,,2276
3/31/2008,937.25,17.99,2032
4/1/2008,897,16.74,1938
4/30/2008,867.75,16.47,1923
5/1/2008,863.5,16.64,1917
5/30/2008,879.5,16.85,1976
6/2/2008,891.25,16.86,1993
6/30/2008,932.75,17.65,2077
7/1/2008,929.5,17.56,2075
7/30/2008,914.1,17.12,1762
8/1/2008,909.5,17.59,1717
9/1/2008,832,13.58,1451
9/30/2008,897,12.96,1047
10/1/2008,876,12.28,1040
10/30/2008,772.25,10.02,856
11/3/2008,734,10.05,838
12/1/2008,795.5,9.91,822
12/30/2008,870,10.83,907
1/2/2009,869.75,11.08,934
1/30/2009,918.5,12.51,975
2/2/2009,913.75,12.43,975
3/2/2009,949.5,13.14,1094
3/30/2009,923,12.96,1126
4/1/2009,919.5,12.98,1127
4/30/2009,889,12.63,1111
5/1/2009,881.5,12.15,1096
6/1/2009,987,15.86,1218
6/30/2009,941,13.94,1196
7/1/2009,931.5,13.65,1176
7/30/2009,932,13.4,1172
8/3/2009,954.25,14.29,1210
9/1/2009,949.75,14.74,1249
9/30/2009,1001.25,16.45,1283
10/1/2009,1005.75,16.55,1294
10/30/2009,1044.5,16.57,1328
11/2/2009,1052,16.58,1334
11/30/2009,1172,18.14,1440
12/1/2009,1193.5,18.72,1468
12/30/2009,1092.5,16.92,1464
1/4/2010,1113,17.17,1496
2/1/2010,1082,16.23,1516
3/1/2010,1117.25,16.5,1554
3/30/2010,1109.75,17.41,1627
4/1/2010,1116,17.69,1659
4/30/2010,1175.25,18.62,1737
5/4/2010,1184.25,18.71,1720
6/1/2010,1219.75,18.3,1544
6/30/2010,1240.5,18.74,1533
7/1/2010,1240,18.65,1518
7/30/2010,1168,17.66,1555
8/2/2010,1178,18.11,1586
8/31/2010,1233.5,18.87,1513
9/1/2010,1250,19.47,1528
9/30/2010,1311,22.07,1650
10/1/2010,1313,21.95,1669
11/1/2010,1361.5,24.91,1718
11/30/2010,1375,27.13,1651
12/1/2010,1391.5,28.74,1673
12/30/2010,1411.5,30.7,1760
1/4/2011,1405.5,30.67,1768
1/31/2011,1333.5,27.75,1789
2/1/2011,1337.5,28.32,1808
3/1/2011,1414.5,34.37,1809
3/30/2011,1419,37.53,1752
4/1/2011,1434.5,37.63,1779
5/3/2011,1546.5,43.61,1858
5/31/2011,1537,38.65,1821
6/1/2011,1532.25,37.95,1819
6/30/2011,1508,35.02,1724
7/1/2011,1492.75,33.85,1703
8/1/2011,1613.5,39.31,1796
8/30/2011,1791,40.9,1830
9/1/2011,1815.5,41.47,1850
9/30/2011,1629,30.45,1538
10/3/2011,1660,31.05,1520
10/31/2011,1718,34.24,1606
11/1/2011,1702,32.97,1581
11/30/2011,1704,31.35,1515
12/1/2011,1750,33.28,1552
12/30/2011,1574.5,28.18,1381
1/3/2012,1590,28.78,1408
1/30/2012,1720.5,33.18,1601
2/1/2012,1744,33.8,1611
3/1/2012,1721,34.56,1692
3/30/2012,1660.75,32.43,1643
4/2/2012,1664,32.42,1636
4/30/2012,1662.5,31.2,1574
5/1/2012,1661.25,30.78,1563
5/30/2012,1548.75,27.68,1413
6/1/2012,1552.5,27.38,1396
7/2/2012,1596.25,27.36,1442
7/30/2012,1616.5,27.64,1398
8/1/2012,1614.75,27.87,1412
8/30/2012,1657,30.66,1524
9/3/2012,1686,31.74,1543
10/1/2012,1770.5,34.35,1658
10/30/2012,1713.5,31.98,1548
11/1/2012,1723.25,32.66,1573
11/30/2012,1728.25,34.28,1617
12/3/2012,1718,33.42,1599
12/31/2012,1664,29.95,1523
1/2/2013,1681.5,30.87,1559
1/30/2013,1666.25,31.35,1686
2/1/2013,1665,31.43,1672
3/1/2013,1570,28.01,1565
4/2/2013,1597.75,27.96,1592
4/30/2013,1472.75,24.42,1513
5/1/2013,1469.5,23.97,1500
5/30/2013,1406.25,22.68,1462
6/3/2013,1396.75,22.43,1466
7/1/2013,1243.5,19.44,1350
7/30/2013,1322.25,19.68,1436
8/1/2013,1323.75,19.72,1436
8/30/2013,1392.75,23.64,1511
9/2/2013,1391.25,23.97,1527
9/30/2013,1335.75,21.68,1422
10/1/2013,1332.25,21.7,1407
10/30/2013,1349.5,22.74,1467
11/1/2013,1314.75,21.75,1456
12/2/2013,1237.5,19.75,1364
12/30/2013,1201.5,19.65,1363
1/2/2014,1219.75,19.94,1387
1/30/2014,1254,19.41,1397
2/3/2014,1246.5,19.27,1386
3/3/2014,1344.25,21.46,1452
3/31/2014,1294,19.97,1422
4/1/2014,1286.5,19.8,1424
4/30/2014,1292,19.28,1421
5/1/2014,1283,19.06,1417
5/30/2014,1254,19,1457
6/2/2014,1244.75,18.81,1440
6/30/2014,1313,20.87,1481
7/1/2014,1325.75,21.08,1486
7/30/2014,1297.5,20.54,1483
8/1/2014,1284.5,20.34,1461
9/1/2014,1287.25,19.49,1424
9/30/2014,1210,17.11,1307
10/1/2014,1208.5,17.04,1274
10/30/2014,1205.75,16.78,1253
11/3/2014,1170.75,16.15,1237
12/1/2014,1178.75,15.73,1198
12/30/2014,1186.5,15.79,1207
1/2/2015,1184.25,15.71,1208
1/30/2015,1263.5,16.92,1230
2/2/2015,1274.25,17.22,1226
3/2/2015,1216.75,16.63,1182
3/30/2015,1187.4,16.65,1129
4/1/2015,1181.25,16.56,1136
4/30/2015,1204.3,16.52,1154
5/1/2015,1179,16.17,1139
6/1/2015,1187.3,16.61,1107
6/30/2015,1175,15.7,1083
7/1/2015,1171.7,15.63,1085
7/30/2015,1085.65,14.64,985
8/3/2015,1093,14.73,977
9/1/2015,1141.9,14.68,1008
9/30/2015,1122.5,14.65,924
10/1/2015,1114.2,14.55,
10/30/2015,1147.75,15.63,994
11/2/2015,1135.8,15.4,974
11/30/2015,1055.65,14.08,829
12/1/2015,1069.25,14.21,842
12/30/2015,1067.8,13.82,888
1/4/2016,1072.7,14,878
2/1/2016,1122,14.33,865
3/1/2016,1240,14.99,938
3/30/2016,1238.2,15.38,970
4/1/2016,1232.1,15.38,982
5/3/2016,1296.5,17.49,1084
5/31/2016,1210.5,16.06,977
6/1/2016,1216.25,15.95,974
6/30/2016,1317,18.36,1004
7/1/2016,1331.75,19.24,1033
8/1/2016,1348.85,20.51,1150
8/30/2016,1318.85,18.78,1076
9/1/2016,1305.7,18.65,1051
9/30/2016,1327.9,19.35,1031
10/3/2016,1318.65,19.18,1020
10/31/2016,1274.2,17.76,979
11/1/2016,1284.4,18.24,983
11/30/2016,1187.4,16.67,918
12/1/2016,1168.75,16.3,903
12/30/2016,1159.1,16.24,907
1/3/2017,1148.65,15.95,906
1/30/2017,1189.85,17.1,978
2/1/2017,1210,17.6,996
3/1/2017,1246.05,18.33,1027
3/30/2017,1250.9,18.1,956
4/3/2017,1246.25,18.16,953
5/2/2017,1255.8,16.95,935
5/30/2017,1262.8,17.27,946
6/1/2017,1266.15,17.13,943
6/30/2017,1243.25,16.47,921
7/3/2017,1235.2,16.48,919
7/31/2017,1266.35,16.76,935
8/1/2017,1267.05,16.74,943
8/30/2017,1310.6,17.44,991
9/1/2017,1318.4,17.5,997
9/30/2017,1283.1,16.86,920
10/2/2017,1273.1,16.58,913
10/30/2017,1272.75,16.74,919
11/1/2017,1279.25,16.94,927
11/30/2017,1282.15,16.57,941
12/1/2017,1277.25,16.42,941
12/31/2017,1296.5,16.87,927
1/2/2018,1312.8,17.06,937
1/30/2018,1345.7,17.3,998
2/1/2018,1341.1,17.19,997
3/1/2018,1311.25,16.32,972
3/31/2018,1323.85,16.28,936
4/3/2018,1336.6,16.52,934
4/30/2018,1316.25,16.38,907
5/1/2018,1309.2,16.25,900
5/30/2018,1298.6,16.37,906
6/1/2018,1299.15,16.42,910
6/30/2018,1250.45,16.03,851
7/2/2018,1249,15.98,842
7/30/2018,1222.05,15.49,824
8/1/2018,1222.75,15.48,830
8/30/2018,1202.35,14.66,791
9/3/2018,1201.7,14.52,787
10/1/2018,1185.3,14.55,813
10/30/2018,1220,14.42,833
11/1/2018,1223.25,14.45,848
11/30/2018,1220.45,14.24,810
12/3/2018,1231.05,14.38,811
12/31/2018,1281.65,15.46,794
1/2/2019,1287.2,15.44,796
1/30/2019,1312.95,15.92,816
2/1/2019,1320.75,16.01,822
3/1/2019,1309.95,15.56,862
4/1/2019,1291.9,15.07,848
4/30/2019,1285.15,14.98,898
5/1/2019,1281.8,14.88,881
5/30/2019,1276.45,14.4,792
6/3/2019,1313.95,14.7,797
7/1/2019,1390.05,15.26,833
7/30/2019,1428.45,16.45,881
8/1/2019,1406.4,16,852
8/30/2019,1526.55,18.39,935
9/2/2019,1523.35,18.35,936
9/30/2019,1487.6,17.26,925
10/1/2019,1466.1,17.11,881
10/30/2019,1490.15,17.95,921
11/1/2019,1509.85,18.12,932
12/2/2019,1457.5,16.88,895
12/30/2019,1511.5,17.82,
1/2/2020,1520.55,17.92,981
1/30/2020,1580.4,17.73,971
2/3/2020,1578.85,17.77,952
3/1/2020,1595.99,17,885.24
3/30/2020,1634.65,14.46,752.65
4/1/2020,1585.39,14.03,725.33
4/30/2020,1720.59,15.34,788.3
5/1/2020,1694.65,15.03,782.8
5/30/2020,1739.7,18.03,861.59
6/1/2020,1746,18.15,859.07
6/30/2020,1778.76,17.92,825.66
7/1/2020,1788.68,18.27,838.6
7/30/2020,1972.99,24.33,941.46
8/1/2020,1987.73,24.8,929.89
8/30/2020,1975.92,27.63,935.8
9/1/2020,1974.2,28.24,939.61
9/30/2020,1902.88,24.35,890.69
10/1/2020,1893.8,23.45,901.04
10/30/2020,1874.35,23.39,856.93
11/1/2020,1887.65,23.79,857.56
11/30/2020,1792.4,22.74,975.44
12/1/2020,1784.46,22.75,974.76
12/30/2020,1884.74,26.27,1059.67
1/1/2021,1904.56,26.53,1082.02
1/30/2021,1857.51,27.18,1087.25
2/1/2021,1862.12,29.1,1098.89
3/1/2021,1744.78,26.9,1210.17
3/30/2021,1717.38,24.76,1182.8
4/1/2021,1712.86,24.52,1194.11
4/30/2021,1778.78,26.19,1214.22
5/1/2021,1778.56,26.1,1214.87
5/30/2021,1912.72,28.08,1193.58
6/1/2021,1916.29,28.21,1201.86
6/30/2021,1766.97,25.89,1077.19
7/1/2021,1773.69,26.18,1073.84
7/30/2021,1835.94,25.61,1064.07
8/1/2021,1821.95,25.63,1060.18
8/30/2021,1824.13,24.16,1019.68
9/1/2021,1820.09,23.98,1019.76
9/30/2021,1734.09,21.63,961.38
10/1/2021,1758.49,22.17,967.4
10/30/2021,1793.24,24.06,1042.29
11/1/2021,1785.57,23.85,1025
11/30/2021,1792.29,23.01,972.14
12/1/2021,1778.76,22.87,943.58
12/30/2021,1810.06,22.9,972.82
1/1/2022,1839.22,23.47,1017.09
1/30/2022,1798.38,22.57,1018.05
2/1/2022,1803.3,22.55,1026.37
3/1/2022,1912.87,24.5,1049.66
3/30/2022,1922.29,24.82,990.46
4/1/2022,1942.67,24.88,989.76
4/30/2022,1907.15,22.95,946.53
5/1/2022,1906.7,22.89,947.84
5/30/2022,1855.63,22.11,959.56
6/1/2022,1841.95,21.61,971.71
6/30/2022,1823.88,20.79,924.47
7/1/2022,1812.2,20.33,901.96
7/30/2022,1775.32,20.5,908.43
8/1/2022,1767.65,20.29,897.72
8/30/2022,1744.89,18.86,872.61
9/1/2022,1713.01,17.9,847.23
9/30/2022,1669.73,18.97,874.01
10/1/2022,1669.38,19.17,871.83
10/30/2022,1653.95,19.36,957.87
11/1/2022,1637.55,19.23,933.35
11/30/2022,1754.42,21.29,1009.18
12/1/2022,1778.9,22.42,1047
12/30/2022,1820.68,23.95,1057.61
1/1/2023,1833.48,24.07,1083.24
1/30/2023,1934.84,23.72,1023
2/1/2023,1929.43,23.71,1015.23
3/1/2023,1827.54,20.91,955.18
3/30/2023,1965.29,23.34,970.64
4/1/2023,1974.97,24.17,1001
4/30/2023,1995.99,25.13,1086.09
5/1/2023,1988.69,25,1075.1
5/30/2023,1941.8,23.15,1031.49
6/1/2023,1966.53,23.55,1002.12
6/30/2023,1908.97,22.6,904.26
7/1/2023,1921.63,22.8,916.79
7/30/2023,1962.05,24.33,949.94
8/1/2023,1964.13,24.75,955.65
8/30/2023,1936.47,24.73,982.11
9/1/2023,1940.23,24.44,973.91
9/30/2023,1851.05,22.22,918.62
10/1/2023,1851.05,22.22,918.62
10/30/2023,2004.98,23.08,906.63
11/1/2023,1982.84,22.74,934.47
11/30/2023,2047.24,24.99,935.86
12/1/2023,2042.27,25.39,934.11
12/30/2023,2068.1,23.87,1001.3
1/1/2024,2068.1,23.87,1001.3
1/30/2024,2033.51,23.23,933.06
2/1/2024,2042.21,22.94,924.28
3/1/2024,2046.2,22.69,882.86
3/30/2024,2238.24,25.08,920.15
4/1/2024,2247.73,25.19,914.55
4/30/2024,2335.3,27.11,954.28
5/1/2024,2294.31,26.37,939.45
5/30/2024,2340.71,32.07,1041.04
6/1/2024,2331.54,30.48,1051.41
6/30/2024,2330.75,29.21,1010.08
7/1/2024,2326.44,29.12,998.26
7/17/2024,2485.75,,
7/30/2024,2384.17,27.86,953.87
